근무지,지점,포지션,근무시간,급여
인천 남동구, 바로고 배달대행 바로고 만수허브(B3,[배달대행]바로고 경기평택3허,10:00~02:00,"월급3,000,000"
인천 남동구, 바로고 배달대행 바로고 만수허브(B3,[배달대행]바로고 경기평택3허,10:00~02:00,"월급3,000,000"
인천 남동구, 바로고 배달대행 바로고 만수허브(B3,[배달대행]바로고 경기평택3허,10:00~02:00,"월급3,000,000"
서울 강남구, 바로고 배달대행 [넥서스]강남청담허브,[배달대행]바로고 마산 양덕허,10:00~24:00,"월급5,000,000"
서울 강남구, 바로고 배달대행 [넥서스]강남청담허브,[배달대행]바로고 마산 양덕허,10:00~24:00,"월급5,000,000"
서울 강남구, 바로고 배달대행 [넥서스]강남청담허브,[배달대행]바로고 마산 양덕허,10:00~24:00,"월급5,000,000"
서울 동대문, 바로고 배달대행 서울동대문회기허브(B,[배달대행]바로고 충남논산2허,11:00~23:00,"월급2,500,000"
서울 동대문, 바로고 배달대행 서울동대문회기허브(B,[배달대행]바로고 충남논산2허,11:00~23:00,"월급2,500,000"
서울 동대문, 바로고 배달대행 서울동대문회기허브(B,[배달대행]바로고 충남논산2허,11:00~23:00,"월급2,500,000"
부산 금정구, 바로고 부산 온천점,[배달대행]바로고 동대문이문허,11:00~02:00,"월급2,500,000"
부산 금정구, 바로고 부산 온천점,[배달대행]바로고 동대문이문허,11:00~02:00,"월급2,500,000"
부산 금정구, 바로고 부산 온천점,[배달대행]바로고 동대문이문허,11:00~02:00,"월급2,500,000"
경기 평택시, 바로고 배달대행 경기평택3허브(B30,[배달대행]바로고 북대구 침산,08:00~03:00,"월급4,000,000"
경기 평택시, 바로고 배달대행 경기평택3허브(B30,[배달대행]바로고 북대구 침산,08:00~03:00,"월급4,000,000"
경기 평택시, 바로고 배달대행 경기평택3허브(B30,[배달대행]바로고 북대구 침산,08:00~03:00,"월급4,000,000"
서울 양천구, 바로고 신정지사,[영도배달대행1등업체]바로고 ,10:00~03:00,"월급4,500,000"
서울 양천구, 바로고 신정지사,[영도배달대행1등업체]바로고 ,10:00~03:00,"월급4,500,000"
서울 강서구, 바로고 신정지사,[영도배달대행1등업체]바로고 ,10:00~03:00,"월급4,500,000"
경남 창원시, 바로고 배달대행 마산 양덕허브(B37,[배달대행]바로고 부산기장기장,10:00~24:00,"월급2,500,000"
경남 창원시, 바로고 배달대행 마산 양덕허브(B37,[배달대행]바로고 부산기장기장,10:00~24:00,"월급2,500,000"
경남 창원시, 바로고 배달대행 마산 양덕허브(B37,[배달대행]바로고 부산기장기장,10:00~24:00,"월급2,500,000"
충남 논산시, 바로고 배달대행 충남논산2허브(B34,[배달대행] 서부산 전포점 라이,10:00~24:00,"월급2,500,000"
충남 논산시, 바로고 배달대행 충남논산2허브(B34,[배달대행] 서부산 전포점 라이,10:00~24:00,"월급2,500,000"
충남 논산시, 바로고 배달대행 충남논산2허브(B34,[배달대행] 서부산 전포점 라이,10:00~24:00,"월급2,500,000"
서울 성북구, 바로고 배달대행 안암허브(B2756),[배달대행]바로고 용산이태원허,11:00~02:00,"월급4,000,000"
서울 성북구, 바로고 배달대행 안암허브(B2756),[배달대행]바로고 용산이태원허,11:00~02:00,"월급4,000,000"
서울 성북구, 바로고 배달대행 안암허브(B2756),[배달대행]바로고 용산이태원허,11:00~02:00,"월급4,000,000"
경남 창원시, 바로고 배달대행 마산회원교방허브(B3,[배달대행]바로고 서부산 부전,10:00~02:00,"시급18,000"
경남 창원시, 바로고 배달대행 마산회원교방허브(B3,[배달대행]바로고 서부산 부전,10:00~02:00,"시급18,000"
경남 창원시, 바로고 배달대행 마산회원교방허브(B3,[배달대행]바로고 서부산 부전,10:00~02:00,"시급18,000"
서울 은평구, 바로고 배달대행 진관허브(B1742),[배달대행]바로고 중구장충허브,10:00~01:00,"월급3,500,000"
경기 전체, 바로고 배달대행 진관허브(B1742),[배달대행]바로고 중구장충허브,10:00~01:00,"월급3,500,000"
서울 은평구, 바로고 배달대행 진관허브(B1742),[배달대행]바로고 중구장충허브,10:00~01:00,"월급3,500,000"
광주 남구, 바로고 배달대행 광주서구화정허브(B3,바로고동대문구지사/사무실경희,10:00~02:00,"월급4,000,000"
광주 서구, 바로고 배달대행 광주서구화정허브(B3,바로고동대문구지사/사무실경희,10:00~02:00,"월급4,000,000"
광주 서구, 바로고 배달대행 광주서구화정허브(B3,"바로고동대문구지사/초보,투잡",10:00~02:00,"월급4,000,000"
경남 창원시, 바로고 배달대행 마산산호허브(B362,[배달대행]바로고 마곡지사 라,10:00~02:00,"시급18,000"
경남 창원시, 바로고 배달대행 마산산호허브(B362,[배달대행]바로고 마곡지사 라,10:00~02:00,"시급18,000"
경남 창원시, 바로고 배달대행 마산산호허브(B362,[배달대행]바로고 마곡지사 라,10:00~02:00,"시급18,000"
서울 동대문, 바로고 배달대행 동대문이문허브(B36,[배달대행]바로고 배.형양천B허,10:30~24:00,"월급3,000,000"
서울 동대문, 바로고 배달대행 동대문이문허브(B36,[배달대행]바로고 배.형양천B허,10:30~24:00,"월급3,000,000"
서울 동대문, 바로고 배달대행 동대문이문허브(B36,[배달대행]바로고 배.형양천B허,10:30~24:00,"월급3,000,000"
대구 북구, 바로고 대구침산허브,[배달대행]바로고 고양삼송허브,10:00~24:00,"월급2,500,000"
대구 북구, 바로고 대구침산허브,[배달대행]바로고 고양삼송허브,10:00~24:00,"월급2,500,000"
대구 북구, 바로고 대구침산허브,[배달대행]바로고 고양삼송허브,10:00~24:00,"월급2,500,000"
부산 영도구, 바로고 배달대행 서부산 동삼점(B19,[배달대행]바로고 강동연합b허,10:30~02:00,"일급100,000"
부산 영도구, 바로고 배달대행 서부산 동삼점(B19,[배달대행]바로고 강동연합b허,10:30~02:00,"일급100,000"
부산 영도구, 바로고 배달대행 서부산 동삼점(B19,[배달대행]바로고 강동연합b허,10:30~02:00,"일급100,000"
부산 기장군, 바로고 배달대행 부산기장기장1허브(B,[배달대행]바로고 강동연합h허,09:00~02:00,"월급4,000,000"
부산 기장군, 바로고 배달대행 부산기장기장1허브(B,[배달대행]바로고 강동연합h허,09:00~02:00,"월급4,000,000"
